SHA256,Name,Machine,NumberOfSections,TimeDateStamp,PointerToSymbolTable,SizeOfOptionalHeader,Characteristics,Magic,MajorLinkerVersion,MinorLinkerVersion,SizeOfCode,SizeOfInitializedData,SizeOfUninitializedData,AddressOfEntryPoint,BaseOfCode,ImageBase,MajorOperatingSystemVersion,MinorOperatingSystemVersion,MajorImageVersion,MinorImageVersion,MajorSubsystemVersion,MinorSubsystemVersion,SizeOfImage,CheckSum,Subsystem,DllCharacteristics,SizeOfStackReserve,SizeOfHeapReserve,ExportTableRVA,ExportTableSize,ImportTableRVA,ImportTableSize,ResourceTableRVA,ResourceTableSize,ExceptionTableRVA,ExceptionTableSize,CertificateTableRVA,CertificateTableSize,BaseRelocationTableRVA,BaseRelocationTableSize,DebugRVA,DebugSize,ArchitectureRVA,ArchitectureSize,GlobalPtrRVA,GlobalPtrSize,TLSTableRVA,TLSTableSize,LoadConfigTableRVA,LoadConfigTableSize,BoundImportRVA,BoundImportSize,IATRVA,IATSize,DelayImportDescriptorRVA,DelayImportDescriptorSize,CLRHeaderRVA,CLRHeaderSize,ReservedRVA,ReservedSize,.text_Misc_VirtualSize,.text_SizeOfRawData,.rdata_Misc_VirtualSize,.rdata_SizeOfRawData,.data_Misc_VirtualSize,.data_SizeOfRawData,.rsrc_Misc_VirtualSize,.rsrc_SizeOfRawData,.reloc_Misc_VirtualSize,.reloc_SizeOfRawData
01eea2a4628c6b27a5249a08152655246871acafa657e391b73444c05097976e,Adhubllka.exe.malz,332,4,1593091086,0,224,258,267,14,26,73728,38400,0,31904,4096,4194304,6,0,0,0,6,0,122880,0,2,33088,1048576,1048576,0,100324,0,0,0,114688,98384,0,0,0,98440,0,77824,0,0,0,0,180,0,0,0,4360,56,0,0,0,64,0,480,0,0,0,73359,73728,25248,25600,8132,3584,4360,4608,,
0f98b81b72c66e4d70479573bb6a9b3521f22a2f5e313f96f41cdcc0407cc454,Adhubllka1.exe.malz,332,5,1600672906,0,224,258,267,14,26,73728,33792,0,31904,4096,4194304,6,0,0,0,6,0,126976,0,2,33088,1048576,1048576,0,100324,114688,0,0,118784,98384,0,0,0,98440,0,77824,0,0,0,0,180,968,0,0,4360,56,0,0,0,64,0,480,0,0,0,73359,73728,25248,25600,6584,2560,968,1024,4360,4608
a697751f48d9cb93de448936cfaee722d0ffcf7804bef4fbff7c009d55d80ec0,Adhubllka10.exe.malz,332,4,1628239816,0,224,258,267,14,26,73728,38400,0,31904,4096,4194304,6,0,0,0,6,0,122880,0,2,33088,1048576,1048576,0,100324,0,0,0,114688,98384,0,0,0,98440,0,77824,0,0,0,0,180,0,0,0,4360,56,0,0,0,64,0,480,0,0,0,73359,73728,25248,25600,7944,3584,4360,4608,,
aac2024789ffd2bfce97d6a509136ecf7c43b18c2a83280b596e62d988cedb10,Adhubllka11.exe.malz,332,4,1596300201,0,224,258,267,14,26,73728,38400,0,31904,4096,4194304,6,0,0,0,6,0,122880,0,2,33088,1048576,1048576,0,100324,0,0,0,114688,98384,0,0,0,98440,0,77824,0,0,0,0,180,0,0,0,4360,56,0,0,0,64,0,480,0,0,0,73359,73728,25248,25600,8132,3584,4360,4608,,
ae42c174bfb1ec74e254acc733e7e73075e128f3183278cb6e0a5c6872817cd3,Adhubllka12.exe.malz,332,4,1593848848,0,224,258,267,14,26,73728,38400,0,31904,4096,4194304,6,0,0,0,6,0,122880,0,2,33088,1048576,1048576,0,100324,0,0,0,114688,98384,0,0,0,98440,0,77824,0,0,0,0,180,0,0,0,4360,56,0,0,0,64,0,480,0,0,0,73359,73728,25248,25600,8132,3584,4360,4608,,
b058fe42ed273414f164fa37ce03e616db165f17c539ba5855ec8b164c64ccce,Adhubllka13.exe.malz,332,4,1593848848,0,224,258,267,14,26,73728,38400,0,31904,4096,4194304,6,0,0,0,6,0,122880,0,2,33088,1048576,1048576,0,100324,0,0,0,114688,98384,0,0,0,98440,0,77824,0,0,0,0,180,0,0,0,4360,56,0,0,0,64,0,480,0,0,0,73359,73728,25248,25600,8132,3584,4360,4608,,
d84181ba680b69eab013502461e76bc8107997f54683055b1be0d9909bb02334,Adhubllka14.exe.malz,332,4,1596300201,0,224,258,267,14,26,73728,38400,0,31904,4096,4194304,6,0,0,0,6,0,122880,0,2,33088,1048576,1048576,0,100324,0,0,0,114688,98384,0,0,0,98440,0,77824,0,0,0,0,180,0,0,0,4360,56,0,0,0,64,0,480,0,0,0,73359,73728,25248,25600,8132,3584,4360,4608,,
da679f425bb682ca18e28590a879620c48f993aee1955ebfb0acfd350b2278eb,Adhubllka15.exe.malz,332,4,1618649141,0,224,258,267,14,26,73728,38400,0,31904,4096,4194304,6,0,0,0,6,0,122880,0,2,33088,1048576,1048576,0,100324,0,0,0,114688,98384,0,0,0,98440,0,77824,0,0,0,0,180,0,0,0,4360,56,0,0,0,64,0,480,0,0,0,73359,73728,25248,25600,7880,3072,4360,4608,,
e7ae8d3ace99474bd50b356f1a508937f00a4add7cdf45412ba888f22f42cd8a,Adhubllka16.exe.malz,332,4,1623509031,0,224,258,267,14,26,73728,38400,0,31904,4096,4194304,6,0,0,0,6,0,122880,0,2,33088,1048576,1048576,0,100324,0,0,0,114688,98384,0,0,0,98440,0,77824,0,0,0,0,180,0,0,0,4360,56,0,0,0,64,0,480,0,0,0,73359,73728,25248,25600,7880,3072,4360,4608,,
eb9218eb8f5c10e37e439e28406d61afab912f071b8f82b6b658ca487f2e1b5c,Adhubllka17.exe.malz,332,4,1603200432,0,224,258,267,14,26,73728,38400,0,31904,4096,4194304,6,0,0,0,6,0,122880,0,2,33088,1048576,1048576,0,100324,0,0,0,114688,98384,0,0,0,98440,0,77824,0,0,0,0,180,0,0,0,4360,56,0,0,0,64,0,480,0,0,0,73359,73728,25248,25600,8132,3584,4360,4608,,
25f8bc9668f9b4615dcd4dbca418c4f7a2e31805b68504d3b1e801241658ad0c,Adhubllka2.exe.malz,332,4,1593848848,0,224,258,267,14,26,73728,38400,0,31904,4096,4194304,6,0,0,0,6,0,122880,0,2,33088,1048576,1048576,0,100324,0,0,0,114688,98384,0,0,0,98440,0,77824,0,0,0,0,180,0,0,0,4360,56,0,0,0,64,0,480,0,0,0,73359,73728,25248,25600,8132,3584,4360,4608,,
53124033d521158771eac79ad6f489c6fdd5b25ab96712035c2ca65b3a3c5eed,Adhubllka3.exe.malz,332,4,1593091142,0,224,258,267,14,26,73728,38400,0,31904,4096,4194304,6,0,0,0,6,0,122880,0,2,33088,1048576,1048576,0,100324,0,0,0,114688,98384,0,0,0,98440,0,77824,0,0,0,0,180,0,0,0,4360,56,0,0,0,64,0,480,0,0,0,73359,73728,25248,25600,8132,3584,4360,4608,,
64b97ab8542e551020fec2d517e7866e4dc7014db5423500fbc93a84145f5205,Adhubllka4.exe.malz,332,5,1628239816,0,224,258,267,14,26,73728,38400,0,122880,4096,4194304,6,0,0,0,6,0,217088,0,2,33088,1048576,1048576,0,100324,0,0,0,114688,98384,0,0,0,98440,0,77824,0,0,0,0,180,0,0,0,4360,56,0,0,0,64,0,480,0,0,0,73359,73728,25248,25600,7944,3584,4360,4608,94208,92672
6eba5ef4b3d7f1210e7ff9eff9dc1d2d22cfad489496423e941edb0bfa3cee34,Adhubllka5.exe.malz,332,4,1628239864,0,224,258,267,14,26,73728,38400,0,31904,4096,4194304,6,0,0,0,6,0,122880,0,2,33088,1048576,1048576,0,100324,0,0,0,0,98384,0,0,0,98440,0,77824,0,0,0,0,180,0,0,0,0,56,0,0,0,64,0,480,0,0,0,73359,73728,25248,25600,7944,3584,4360,4608,,
73fd0e109f7fedabae50f026d30c122691a1bbc183d676a2bd492dc2feacff11,Adhubllka6.exe.malz,332,5,1628239816,0,224,258,267,14,26,73728,38400,0,122880,4096,4194304,6,0,0,0,6,0,217088,0,2,33088,1048576,1048576,0,100324,0,0,0,114688,98384,0,0,0,98440,0,77824,0,0,0,0,180,0,0,0,4360,56,0,0,0,64,0,480,0,0,0,73359,73728,25248,25600,7944,3584,4360,4608,94208,92672
8dfe87850bd17b4eb0169b85b75b5f104ae6b84deeb2c81fe6ae5e19685f6c66,Adhubllka7.exe.malz,332,4,1593848680,0,224,258,267,14,26,73728,38400,0,31904,4096,4194304,6,0,0,0,6,0,122880,0,2,33088,1048576,1048576,0,100324,0,0,0,114688,98384,0,0,0,98440,0,77824,0,0,0,0,180,0,0,0,4360,56,0,0,0,64,0,480,0,0,0,73359,73728,25248,25600,8132,3584,4360,4608,,
941708241e55fbcab7562f18a31801f64be792e4642fdfefb44ebc866813ae15,Adhubllka8.exe.malz,332,4,1602953054,0,224,258,267,14,26,73728,36864,0,31904,4096,4194304,6,0,0,0,6,0,122880,0,2,33088,1048576,1048576,0,100324,0,0,116312,114688,98384,0,0,0,98440,0,77824,0,0,0,0,180,0,0,8792,4360,56,0,0,0,64,0,480,0,0,0,73359,73728,25248,25600,6584,2560,4360,4608,,
9c48e8a5f83614f685249486a13a8a132660f37d11c5f55581414dbf02091021,Adhubllka9.exe.malz,332,4,1603201278,0,224,258,267,14,26,73728,38400,0,31904,4096,4194304,6,0,0,0,6,0,122880,0,2,33088,1048576,1048576,0,100324,0,0,0,114688,98384,0,0,0,98440,0,77824,0,0,0,0,180,0,0,0,4360,56,0,0,0,64,0,480,0,0,0,73359,73728,25248,25600,8132,3584,4360,4608,,
07fb7b42fe8d4a2125df459efd86de0f27b91b59d82b85b530c1e7c552c9e235,Babuk.exe.malz,34404,17,1631057847,98816,240,39,523,2,24,7680,7680,3072,5376,4096,4194304,4,0,0,0,5,2,139264,138789,3,0,2097152,1048576,0,32768,0,20480,131520,0,0,0,0,40992,0,0,33260,0,0,0,0,1992,0,564,3320,0,0,0,0,40,0,0,432,0,0,0,7296,7680,144,512,2224,2560,,,,
08d799cc27063bc7969ae935ca171b518d0b41b1feaa9775bae06bd319291b41,Babuk1.exe.malz,332,3,508119018,0,224,258,267,80,0,464896,2560,0,472766,8192,4194304,4,0,0,0,6,0,491520,0,2,34144,1048576,1048576,0,472688,475136,0,0,483328,0,0,0,0,0,0,8192,0,8200,0,0,75,1942,0,0,12,0,0,0,0,0,0,8,0,72,0,464580,464896,1942,2048,12,512,,,,
8203c2f00ecd3ae960cb3247a7d7bfb35e55c38939607c85dbdb5c92f0495fa9,Babuk10.exe.malz,332,4,1609326194,0,224,258,267,14,27,26112,5632,0,18880,4096,4194304,6,0,0,0,6,0,45056,0,2,34112,1048576,1048576,0,37184,0,0,0,40960,9168,0,0,0,9224,0,36864,0,0,0,0,120,0,0,0,892,56,0,0,0,64,0,316,0,0,0,25785,26112,1820,512,892,1024,,,,
b3b66f7e70f1e1b1494677d0ed79fcc7d4901ffae53d89fd023c8b789bb0fe62,Babuk13.exe.malz,332,4,1241800876,0,224,271,267,6,0,45056,40960,0,46174,4096,4194304,4,0,0,0,4,0,90112,0,2,0,1048576,1048576,0,51052,86016,0,0,0,49632,0,0,0,0,0,49152,0,0,0,0,120,1992,0,0,0,28,0,0,0,0,0,480,0,0,0,43366,45056,4070,4096,28764,16384,1992,4096,,
c94a81fdf688d220827320e88cc0b89af8690142abe5c602131b6659297c7d24,Babuk14.exe.malz,332,5,1578312048,0,224,258,267,9,0,220672,115712,0,32000,4096,4194304,5,0,0,0,5,0,348160,356908,2,32768,1048576,1048576,272480,268644,307200,0,0,331776,226032,0,0,0,0,0,225280,0,0,0,93,60,22040,0,0,7972,28,0,0,0,0,0,644,0,0,0,220481,220672,47293,47616,32552,7680,22040,22528,16222,16384
0994c1fc7f66f88eead2091f31a2137f69d08c3cf9ee0f4a15a842f54253c9d9,Babuk2.exe.malz,332,3,381890335,0,224,258,267,80,0,387584,2560,0,395598,8192,4194304,4,0,0,0,6,0,417792,0,2,34144,1048576,1048576,0,395516,401408,0,0,409600,0,0,0,0,0,0,8192,0,8200,0,0,79,1942,0,0,12,0,0,0,0,0,0,8,0,72,0,387412,387584,1942,2048,12,512,,,,
1d28c4c85e241efbbe326051999b9a8e1d8eeb9a3322da5cb9a93c31c65bbb49,Babuk3.exe.malz,332,3,766030105,0,224,258,267,80,0,466432,2560,0,474494,8192,4194304,4,0,0,0,6,0,491520,0,2,34144,1048576,1048576,0,474412,475136,0,0,483328,0,0,0,0,0,0,8192,0,8200,0,0,79,1942,0,0,12,0,0,0,0,0,0,8,0,72,0,466308,466432,1942,2048,12,512,,,,
26375f03cb03f71c69048d8987802a4e6480d8d10a481503e9e642f77fce8c88,Babuk4.exe.malz,332,3,2181534860,0,224,258,267,48,0,26112,37376,0,34034,8192,4194304,4,0,0,0,4,0,90112,0,2,34112,1048576,1048576,0,33952,40960,0,0,81920,33924,0,0,0,0,0,8192,0,8200,0,0,79,36388,0,0,12,28,0,0,0,0,0,8,0,72,0,25848,26112,36388,36864,12,512,,,,
4fa565cc2ebfe97b996786facdb454e4328a28792e27e80e8b46fe24b44781af,Babuk6.exe.malz,332,5,1615889021,0,224,258,267,14,27,88576,38400,0,20435,4096,4194304,6,0,0,0,6,0,143360,0,3,33088,1048576,1048576,0,119236,131072,0,0,135168,117220,0,0,0,117280,0,94208,0,0,0,0,60,480,0,0,4336,56,0,0,0,64,0,320,0,0,0,88275,88576,26868,27136,5948,2560,480,512,4336,4608
5f35dbf807c844c790b9cffc9f83eca05d32f58b737ba638c9567b8d22119f96,Babuk8.exe.malz,34404,6,0,9436672,240,546,523,3,0,5281280,204288,0,453248,4096,4194304,6,1,1,0,6,1,9773056,9486677,2,33120,2097152,1048576,0,9601024,0,0,9437184,9605120,0,0,0,0,0,0,9072672,0,0,0,0,1142,0,0,3320,163532,0,0,0,0,0,0,320,0,0,0,5281134,5281280,3784000,3784192,525424,204288,163532,163840,,
752d66990097c8be7760d8d6011b1e91daa1d5518951d86f9fdf3d126d54872a,Babuk9.exe.malz,332,3,1634063929,0,224,258,267,8,0,17408,2048,0,25214,8192,4194304,4,0,0,0,4,0,49152,69681,3,34112,1048576,1048576,0,25136,32768,0,19968,40960,0,0,0,0,0,0,8192,0,8200,0,0,75,1224,0,3320,12,0,0,0,0,0,0,8,0,72,0,17028,17408,1224,1536,12,512,,,,
1df11bc19aa52b623bdf15380e3fded56d8eb6fb7b53a2240779864b1a6474ad,BlackByte.exe.malz,34404,3,1632420183,0,240,558,523,2,30,1241088,122880,3325952,4566784,3330048,4194304,6,1,0,0,6,1,4694016,0,3,33120,2097152,1048576,4308992,4690244,4571136,3911680,0,4690520,0,0,0,4567504,0,0,0,0,0,0,78,276,119108,1164,0,20,0,0,0,40,0,0,0,0,0,0,122880,119808,,,,,,,,
44a5e78fce5455579123af23665262b10165ac710a9f7538b764af76d7771550,BlackByte1.exe.malz,34404,12,1632420183,0,240,558,523,2,30,2073088,4094976,386048,5344,4096,4194304,6,1,0,0,6,1,4526080,0,3,33120,2097152,1048576,4308992,4313088,4329472,3911680,0,0,0,0,0,3906176,0,0,0,0,0,0,78,4348,119076,1164,0,0,0,0,0,40,0,0,0,0,0,0,2072864,2073088,131504,131584,1692048,1692160,119076,119296,69932,70144
477382529659c3452020170d8150820210ab8cbdc6417a0f0ac86a793cd0d9b4,BlackByte2.exe.malz,34404,4,1562871923,0,240,558,523,1,0,44544,1550848,0,34816,4096,5368709120,0,0,6,0,6,0,1605632,1611411,3,288,1048576,1048576,0,0,1601536,0,0,0,0,0,0,0,0,0,0,0,0,0,0,0,2320,0,0,0,0,0,0,0,0,0,0,0,0,0,45056,44544,1548288,1548288,2320,2560,,,,
754ac79aca0cc1bcf46000ef6c4cbe8bebeb50dae60823a1e844647ac16b6867,BlackByte3.exe.malz,34404,3,1666158624,0,240,558,523,2,30,1241088,8192,3211264,4453104,3215360,4194304,6,1,0,0,6,1,4464640,1308242,3,33120,2097152,1048576,4382720,4460896,4456448,3997696,0,4461104,0,0,0,4456216,0,0,0,0,0,0,78,208,4448,876,0,20,0,0,0,40,0,0,0,0,0,0,8192,5120,,,,,,,,
eb24370166021f9243fd98c0be7b22ab8cbc22147c15ecef8e75746eb484bb1a,BlackByte8.exe.malz,332,5,1627323256,0,224,258,267,14,28,162816,79360,0,52861,4096,4194304,6,0,0,0,6,0,258048,0,2,33088,1048576,1048576,0,227096,241664,0,0,245760,216880,0,0,0,216992,0,167936,0,0,0,0,100,488,0,0,8432,112,0,0,0,64,0,448,0,0,0,162460,162816,61730,61952,7828,4096,488,512,8432,8704
f361bafcc00b1423d24a7ea205264f5a0b96011e4928d9a91c2abc9911b433a1,BlackByte9.exe.malz,34404,3,1654251879,0,240,558,523,2,30,1568768,249856,4493312,6061056,4497408,4194304,6,1,0,0,6,1,6316032,0,3,33120,2097152,1048576,5726208,6315140,6066176,5332992,1962496,6315348,0,0,0,6064168,0,0,0,0,0,0,78,208,248964,840,8784,20,0,0,0,40,0,0,0,0,0,0,249856,249344,,,,,,,,
00013c57a25a5efe2ad93366e43c58f2103806bd73263503e8a1e0e726228b4b,GandCrab.exe.malz,332,6,1520187015,0,224,258,267,12,0,34304,36352,0,19232,4096,268435456,5,1,0,0,5,1,88820,73975,2,1344,1048576,1048576,66896,66984,81920,0,0,86016,0,0,0,0,0,0,40960,0,0,0,85,180,480,0,0,2804,0,0,0,0,0,0,512,0,0,0,33864,34304,28966,29184,2692,3072,480,512,2804,3072
000fa4efe118d8d6ea069c8692b8c848500d84ef02e696594b781c79997243d5,GandCrab1.exe.malz,332,6,1520187015,0,224,258,267,12,0,34304,36352,0,19232,4096,268435456,5,1,0,0,5,1,88820,73975,2,1344,1048576,1048576,66896,66984,81920,0,0,86016,0,0,0,0,0,0,40960,0,0,0,85,180,480,0,0,2804,0,0,0,0,0,0,512,0,0,0,33864,34304,28966,29184,2692,3072,480,512,2804,3072
00b4eedbb85d52ce1a691501cbbf4587c49c93906611268a75ac547337c5919a,GandCrab10.exe.malz,332,6,1517684317,0,224,258,267,12,0,32768,41472,0,19184,4096,4194304,5,1,0,0,5,1,90112,0,2,34112,1048576,1048576,0,67952,81920,0,0,86016,0,0,0,0,0,0,0,0,0,0,0,180,480,0,0,2736,0,0,0,0,0,0,0,0,0,0,32768,32768,36864,34304,4096,3072,4096,512,4096,3072
00c9f2c60b0573a506e16c4ee3503874bc7af85ef54b5a3bfe5971cc43889c7e,GandCrab11.exe.malz,332,6,1520187015,0,224,258,267,12,0,34304,36352,0,19232,4096,268435456,5,1,0,0,5,1,88820,73975,2,1344,1048576,1048576,66896,66984,81920,0,0,86016,0,0,0,0,0,0,40960,0,0,0,85,180,480,0,0,2804,0,0,0,0,0,0,512,0,0,0,33864,34304,28966,29184,2692,3072,480,512,2804,3072
00d61cfbb247428529fa7184d531187fe603b967080cb4bc258b738f1bc392f9,GandCrab12.exe.malz,332,6,1517684317,0,224,258,267,12,0,32768,41472,0,19184,4096,4194304,5,1,0,0,5,1,90112,0,2,34112,1048576,1048576,0,67952,81920,0,0,86016,0,0,0,0,0,0,0,0,0,0,0,180,480,0,0,2736,0,0,0,0,0,0,0,0,0,0,32768,32768,36864,34304,4096,3072,4096,512,4096,3072
00dc0e05a483a9e9db8214feeeb12d5f525ba2e8e21c6a18092e16d95f20e0cc,GandCrab13.exe.malz,332,6,1517684317,0,224,258,267,12,0,32768,41472,0,19184,4096,4194304,5,1,0,0,5,1,90112,0,2,34112,1048576,1048576,0,67952,81920,0,0,86016,0,0,0,0,0,0,0,0,0,0,0,180,480,0,0,2736,0,0,0,0,0,0,0,0,0,0,32768,32768,36864,34304,4096,3072,4096,512,4096,3072
00f82cf193fcc1e3d4e6466e8387aa2102a7cd3e0cdafd06ccfe5c34ee2e2b9b,GandCrab14.exe.malz,332,6,1517684317,0,224,258,267,12,0,32768,41472,0,19184,4096,4194304,5,1,0,0,5,1,90112,0,2,34112,1048576,1048576,0,67952,81920,0,0,86016,0,0,0,0,0,0,0,0,0,0,0,180,480,0,0,2736,0,0,0,0,0,0,0,0,0,0,32768,32768,36864,34304,4096,3072,4096,512,4096,3072
00fa3d70df3d9686c9de259d1f2a9585e86dc239c2cf5785732d5aab8bcd37b4,GandCrab15.exe.malz,332,5,1519147737,0,224,770,267,12,0,28672,4096,65536,19440,69632,268435456,5,1,0,0,5,1,110592,0,2,1344,1048576,1048576,66784,102400,98304,0,0,106496,0,0,0,0,0,0,0,0,0,0,85,180,476,0,0,2756,0,0,0,0,0,0,0,0,0,0,4096,1024,4096,3072,,,,,,
00fa82b9462cd884617e82c33561f10b5cd01b9196c11b193bd6f139f618b635,GandCrab16.exe.malz,332,6,1520187015,0,224,258,267,12,0,34304,36352,0,19232,4096,268435456,5,1,0,0,5,1,88820,73975,2,1344,1048576,1048576,66896,66984,81920,0,0,86016,0,0,0,0,0,0,40960,0,0,0,85,180,480,0,0,2804,0,0,0,0,0,0,512,0,0,0,33864,34304,28966,29184,2692,3072,480,512,2804,3072
00fd0fd60284c7dd61446dc7e1d037152c87d37156199f34fcfa6b8ae1538dc5,GandCrab17.exe.malz,332,6,1517684317,0,224,258,267,12,0,32768,41472,0,19184,4096,4194304,5,1,0,0,5,1,90112,0,2,34112,1048576,1048576,0,67952,81920,0,0,86016,0,0,0,0,0,0,0,0,0,0,0,180,480,0,0,2736,0,0,0,0,0,0,0,0,0,0,32768,32768,36864,34304,4096,3072,4096,512,4096,3072
0101646184cb597c6428c11d53fb18193da58044e82959330c8fa9b4beb58a98,GandCrab18.exe.malz,332,6,1520187015,0,224,258,267,12,0,34304,36352,0,19232,4096,268435456,5,1,0,0,5,1,88820,73975,2,1344,1048576,1048576,66896,66984,81920,0,0,86016,0,0,0,0,0,0,40960,0,0,0,85,180,480,0,0,2804,0,0,0,0,0,0,512,0,0,0,33864,34304,28966,29184,2692,3072,480,512,2804,3072
010213146c476fa140b0625bf9e7621a8663889ae7f77e23161e3db63f3fc751,GandCrab19.exe.malz,332,6,1517684317,0,224,258,267,12,0,32768,41472,0,19184,4096,4194304,5,1,0,0,5,1,90112,0,2,34112,1048576,1048576,0,67952,81920,0,0,86016,0,0,0,0,0,0,0,0,0,0,0,180,480,0,0,2736,0,0,0,0,0,0,0,0,0,0,32768,32768,36864,34304,4096,3072,4096,512,4096,3072
0022f7ade8a34a06c73ee338d62f59ac21fa3b32651e28decf38bde517b5b97c,GandCrab2.exe.malz,332,6,1519147737,0,224,258,267,12,0,33792,36352,0,19440,4096,268435456,5,1,0,0,5,1,90112,0,2,1344,1048576,1048576,66784,66872,81920,0,0,86016,0,0,0,0,0,0,40960,0,0,0,85,180,480,0,0,2756,0,0,0,0,0,0,508,0,0,0,33512,33792,28838,29184,2688,3072,480,512,2756,3072
01227970ccda7baaa7cefca255d91a2631588c6e8d56a3807ad07bdde6b457e2,GandCrab20.exe.malz,332,6,1517684317,0,224,258,267,12,0,32768,41472,0,19184,4096,4194304,5,1,0,0,5,1,90112,0,2,34112,1048576,1048576,0,67952,81920,0,0,86016,0,0,0,0,0,0,0,0,0,0,0,180,480,0,0,2736,0,0,0,0,0,0,0,0,0,0,32768,32768,36864,34304,4096,3072,4096,512,4096,3072
01417c332c16f37b24ddc446a1d031a6fda4dbd732d188fb9e9d6519c8209d4d,GandCrab21.exe.malz,332,6,1519147737,0,224,258,267,12,0,33792,36352,0,19440,4096,268435456,5,1,0,0,5,1,90112,0,2,1344,1048576,1048576,66784,66872,81920,0,0,86016,0,0,0,0,0,0,40960,0,0,0,85,180,480,0,0,2756,0,0,0,0,0,0,508,0,0,0,33512,33792,28838,29184,2688,3072,480,512,2756,3072
016b753875508b30149a06066c134d710f8aadb9407f7524e304fd600a5e6737,GandCrab22.exe.malz,332,6,1520187015,0,224,258,267,12,0,34304,36352,0,19232,4096,268435456,5,1,0,0,5,1,88820,73975,2,1344,1048576,1048576,66896,66984,81920,0,0,86016,0,0,0,0,0,0,40960,0,0,0,85,180,480,0,0,2804,0,0,0,0,0,0,512,0,0,0,33864,34304,28966,29184,2692,3072,480,512,2804,3072
017b236bf38a1cf9a52fc0bdee2d5f23f038b00f9811c8a58b8b66b1c756b8d6,GandCrab23.exe.malz,332,4,1552585928,0,224,258,267,14,0,65536,33280,0,20362,4096,4194304,5,1,0,0,5,1,110592,0,2,32768,1048576,1048576,0,72312,0,0,0,106496,0,0,0,0,0,0,69632,0,0,0,0,100,0,0,0,1356,0,0,0,0,0,0,304,0,0,0,65308,65536,4314,4608,26916,27136,1356,1536,,
017f4daa604645f1438b2b59fc9b2a723145a0bd84d5aa4511ff79974c920037,GandCrab24.exe.malz,332,7,1519147737,0,224,258,267,12,0,33792,36352,0,19440,4096,268435456,5,1,0,0,5,1,94208,0,2,1344,1048576,1048576,66784,66872,90112,0,0,86016,0,0,0,0,0,0,40960,0,0,0,85,180,512,0,0,2756,0,0,0,0,0,0,508,0,0,0,33512,33792,28838,29184,2688,3072,480,512,2756,3072
0181bc4d1b28226b0067a3ff93fe001a61b38626138ed80d84216dbe362f6aba,GandCrab25.exe.malz,332,6,1517684317,0,224,258,267,12,0,32768,41472,0,19184,4096,4194304,5,1,0,0,5,1,90112,0,2,34112,1048576,1048576,0,67952,81920,0,0,86016,0,0,0,0,0,0,0,0,0,0,0,180,480,0,0,2736,0,0,0,0,0,0,0,0,0,0,32768,32768,36864,34304,4096,3072,4096,512,4096,3072
018a42baf43505cdf373790351538d1769b8e9cf57fa6cfa29cef2d75b69b89c,GandCrab26.exe.malz,332,7,1519147737,0,224,258,267,12,0,33792,36352,0,19440,4096,268435456,5,1,0,0,5,1,94208,0,2,1344,1048576,1048576,66784,66872,90112,0,0,86016,0,0,0,0,0,0,40960,0,0,0,85,180,512,0,0,2756,0,0,0,0,0,0,508,0,0,0,33512,33792,28838,29184,2688,3072,480,512,2756,3072
019083b92fac622b70f468e57e27b6619945fd379d039679bada2c4868f64705,GandCrab27.exe.malz,332,6,1519147737,0,224,258,267,12,0,33792,36352,0,19440,4096,268435456,5,1,0,0,5,1,90112,0,2,1344,1048576,1048576,66784,66872,81920,0,0,86016,0,0,0,0,0,0,40960,0,0,0,85,180,480,0,0,2756,0,0,0,0,0,0,508,0,0,0,33512,33792,28838,29184,2688,3072,480,512,2756,3072
0197d8159d6ebf48cab97f9a06e53aa34266ada3b6614b1e32da1c531af95df3,GandCrab28.exe.malz,332,5,1533081110,0,224,258,267,12,0,58880,78848,0,16801,4096,4194304,5,1,0,0,5,1,155648,0,2,33088,1048576,1048576,0,86412,143360,0,0,147456,0,0,0,0,85800,0,65536,0,0,0,0,140,480,0,0,4144,0,0,0,0,64,0,548,0,0,0,58436,58880,24018,24064,49652,42496,480,512,4144,4608
01c1afa18c77755833d7f88706fc6fb1c04a1cab8dcf9ae696e465959364e9ab,GandCrab29.exe.malz,332,6,1520187015,0,224,258,267,12,0,34304,36352,0,19232,4096,268435456,5,1,0,0,5,1,88820,73975,2,1344,1048576,1048576,66896,66984,81920,0,0,86016,0,0,0,0,0,0,40960,0,0,0,85,180,480,0,0,2804,0,0,0,0,0,0,512,0,0,0,33864,34304,28966,29184,2692,3072,480,512,2804,3072
004e49272be010170498fe382df62448fd3799d4202569d0f8601937ad852169,GandCrab3.exe.malz,332,6,1517684317,0,224,258,267,12,0,32768,41472,0,19184,4096,4194304,5,1,0,0,5,1,90112,0,2,34112,1048576,1048576,0,67952,81920,0,0,86016,0,0,0,0,0,0,0,0,0,0,0,180,480,0,0,2736,0,0,0,0,0,0,0,0,0,0,32768,32768,36864,34304,4096,3072,4096,512,4096,3072
01c334c6c069f5b1d29f6f0daa2cb7e5bd3514ff1d863163594ac0922e5b6d79,GandCrab30.exe.malz,332,6,1519147737,0,224,258,267,12,0,33792,36352,0,19440,4096,268435456,5,1,0,0,5,1,90112,0,2,1344,1048576,1048576,66784,66872,81920,0,0,0,0,0,0,0,0,0,0,0,0,0,85,180,480,0,0,0,0,0,0,0,0,0,0,0,0,0,33512,33792,28838,29184,2688,3072,480,512,2756,3072
01d04e57dbc875d637f7f92d65324c537503489cc5b3a830bc265a30734820ea,GandCrab31.exe.malz,332,6,1519147737,0,224,258,267,12,0,33792,36352,0,19440,4096,268435456,5,1,0,0,5,1,90112,0,2,1344,1048576,1048576,66784,66872,81920,0,0,0,0,0,0,0,0,0,0,0,0,0,85,180,480,0,0,0,0,0,0,0,0,0,0,0,0,0,33512,33792,28838,29184,2688,3072,480,512,2756,3072
01e59b508bc38ed3282b89dd108c390fd5c17ec030770be8a056159e84f90acb,GandCrab32.exe.malz,332,6,1520187015,0,224,258,267,12,0,34304,36352,0,19232,4096,268435456,5,1,0,0,5,1,88820,73975,2,1344,1048576,1048576,66896,66984,81920,0,0,86016,0,0,0,0,0,0,40960,0,0,0,85,180,480,0,0,2804,0,0,0,0,0,0,512,0,0,0,33864,34304,28966,29184,2692,3072,480,512,2804,3072
01f3ed81dc32d043ca168d1b5c5e3f6db160b77be02376d58641d0bb754c6aed,GandCrab33.exe.malz,332,6,1520187015,0,224,258,267,12,0,34304,36352,0,19232,4096,268435456,5,1,0,0,5,1,88820,73975,2,1344,1048576,1048576,66896,66984,81920,0,0,86016,0,0,0,0,0,0,40960,0,0,0,85,180,480,0,0,2804,0,0,0,0,0,0,512,0,0,0,33864,34304,28966,29184,2692,3072,480,512,2804,3072
0233c5df0dc88fcb205db8746bf91603fc5cbdd7b56ecdd323140a5b30904f01,GandCrab34.exe.malz,332,6,1556395407,0,224,258,267,14,0,190976,242176,0,120665,4096,4194304,5,1,0,0,5,1,446464,0,2,33088,1048576,1048576,232640,232692,380928,0,0,438272,224992,0,0,0,203048,0,196608,229964,0,0,52,60,57296,0,0,8140,84,0,0,0,64,0,604,288,0,0,190548,190976,39580,39936,136144,3072,57296,57344,8140,8192
023c91f5f0d43fa641211490e250e976e00858ce6d4c49e6d85806b8cbbb4e10,GandCrab35.exe.malz,332,6,1517684317,0,224,258,267,12,0,32768,41472,0,19184,4096,4194304,5,1,0,0,5,1,90112,0,2,34112,1048576,1048576,0,67952,81920,0,0,86016,0,0,0,0,0,0,0,0,0,0,0,180,480,0,0,2736,0,0,0,0,0,0,0,0,0,0,32768,32768,36864,34304,4096,3072,4096,512,4096,3072
0251d3e4eac3e2e30f8648c4f366e525bb4f0b17b68bd677da867ef906653c31,GandCrab36.exe.malz,332,5,1519147737,0,224,770,267,12,0,28672,4096,65536,19440,69632,268435456,5,1,0,0,5,1,110592,0,2,1344,1048576,1048576,66784,102400,98304,0,0,106496,0,0,0,0,0,0,0,0,0,0,85,180,476,0,0,2756,0,0,0,0,0,0,0,0,0,0,4096,1024,4096,3072,,,,,,
025af27035fd602cf4f043ec26e6d1280e118608c6c5e212edb2a4e7cda4e34b,GandCrab37.exe.malz,332,6,1519147737,0,224,258,267,12,0,33792,36352,0,19440,4096,268435456,5,1,0,0,5,1,90112,0,2,1344,1048576,1048576,66784,66872,81920,0,0,86016,0,0,0,0,0,0,40960,0,0,0,85,180,480,0,0,2756,0,0,0,0,0,0,508,0,0,0,33512,33792,28838,29184,2688,3072,480,512,2756,3072
025e58e8eb269469b14f6a82ef61989d0c3efcd176770be1271a198731f69c02,GandCrab38.exe.malz,332,6,1519147737,0,224,258,267,12,0,33792,36352,0,19440,4096,268435456,5,1,0,0,5,1,90112,0,2,1344,1048576,1048576,66784,66872,81920,0,0,86016,0,0,0,0,0,0,40960,0,0,0,85,180,480,0,0,2756,0,0,0,0,0,0,508,0,0,0,33512,33792,28838,29184,2688,3072,480,512,2756,3072
005498c6b132d0bdd55cf76131d3ef41281bff4488671f01638d2e602fea7640,GandCrab4.exe.malz,332,6,1520187015,0,224,258,267,12,0,34304,36352,0,19232,4096,268435456,5,1,0,0,5,1,88820,73975,2,1344,1048576,1048576,66896,66984,81920,0,0,86016,0,0,0,0,0,0,40960,0,0,0,85,180,480,0,0,2804,0,0,0,0,0,0,512,0,0,0,33864,34304,28966,29184,2692,3072,480,512,2804,3072
026ef36e6eb1e55f8cbb858e4777c9148d1e91ee9c0a7f6b3a8d176b5324e811,GandCrab40.exe.malz,332,6,1519147737,0,224,258,267,12,0,33792,36352,0,19440,4096,268435456,5,1,0,0,5,1,90112,0,2,1344,1048576,1048576,66784,66872,81920,0,0,0,0,0,0,0,0,0,0,0,0,0,85,180,480,0,0,0,0,0,0,0,0,0,0,0,0,0,33512,33792,28838,29184,2688,3072,480,512,2756,3072
0284ede42348f14154f07d818a47c08eef9eaba9465579dac0cd204513bc86d3,GandCrab41.exe.malz,332,6,1520187015,0,224,258,267,12,0,34304,36352,0,19232,4096,268435456,5,1,0,0,5,1,88820,73975,2,1344,1048576,1048576,66896,66984,81920,0,0,86016,0,0,0,0,0,0,40960,0,0,0,85,180,480,0,0,2804,0,0,0,0,0,0,512,0,0,0,33864,34304,28966,29184,2692,3072,480,512,2804,3072
02abd2521011124fd6e9342a33d9e634855a1a824e8add549f98439df4235c99,GandCrab42.exe.malz,332,6,1519147737,0,224,258,267,12,0,33792,36352,0,19440,4096,256180224,5,1,0,0,5,1,90112,0,2,1344,1048576,1048576,66784,66872,81920,0,0,86016,0,0,0,0,0,0,40960,0,0,0,85,180,480,0,0,2756,0,0,0,0,0,0,508,0,0,0,33512,33792,28838,29184,2688,3072,480,512,2756,3072
02afe8c52b0bbedb9828e544bdd9cd41416a3cf7d26a8b05a453c72eca4de164,GandCrab43.exe.malz,332,6,1520187015,0,224,258,267,12,0,34304,36352,0,19232,4096,268435456,5,1,0,0,5,1,88820,73975,2,1344,1048576,1048576,66896,66984,81920,0,0,86016,0,0,0,0,0,0,40960,0,0,0,85,180,480,0,0,2804,0,0,0,0,0,0,512,0,0,0,33864,34304,28966,29184,2692,3072,480,512,2804,3072
02b2f9503428a1487004809662dfec7d283d12dfb6ed3245fec1ca7a66f36718,GandCrab44.exe.malz,332,6,1519147737,0,224,258,267,12,0,33792,36352,0,19440,4096,268435456,5,1,0,0,5,1,90112,0,2,1344,1048576,1048576,66784,66872,81920,0,0,86016,0,0,0,0,0,0,40960,0,0,0,85,180,480,0,0,2756,0,0,0,0,0,0,508,0,0,0,33512,33792,28838,29184,2688,3072,480,512,2756,3072
02bee3c1c367fd0a6fb135e331cf8a63a08777885f6cc9a1c64ba4d56b5cd5b5,GandCrab45.exe.malz,332,6,1520187015,0,224,258,267,12,0,34304,36352,0,19232,4096,268435456,5,1,0,0,5,1,88820,73975,2,1344,1048576,1048576,66896,66984,81920,0,0,86016,0,0,0,0,0,0,40960,0,0,0,85,180,480,0,0,2804,0,0,0,0,0,0,512,0,0,0,33864,34304,28966,29184,2692,3072,480,512,2804,3072
02c47e276e6beed6370e117ba9e657c0a204f5e907dbf27a64a92cc6396e8411,GandCrab46.exe.malz,332,6,1519147737,0,224,258,267,12,0,33792,36352,0,19440,4096,257556480,5,1,0,0,5,1,90112,0,2,1344,1048576,1048576,66784,66872,81920,0,0,86016,0,0,0,0,0,0,40960,0,0,0,85,180,480,0,0,2756,0,0,0,0,0,0,508,0,0,0,33512,33792,28838,29184,2688,3072,480,512,2756,3072
02d676ca73d1d2dce6777f0236cec7c4a7509821f26311b1033176cb3b304586,GandCrab47.exe.malz,332,5,1539125287,0,224,258,267,12,0,80384,67072,0,25111,4096,4194304,5,1,0,0,5,1,163840,0,2,33088,1048576,1048576,0,109348,151552,0,0,155648,0,0,0,0,108736,0,86016,0,0,0,0,200,480,0,0,5008,0,0,0,0,64,0,720,0,0,0,80068,80068,27392,27392,33780,33780,480,480,5008,5008
02d8438c2f53f40e81399708956cc0eb55f86bbbdb111b6c51b150703fafa211,GandCrab48.exe.malz,332,6,1517684317,0,224,258,267,12,0,32768,41472,0,19184,4096,4194304,5,1,0,0,5,1,90112,0,2,34112,1048576,1048576,0,67952,81920,0,0,86016,0,0,0,0,0,0,0,0,0,0,0,180,480,0,0,2736,0,0,0,0,0,0,0,0,0,0,32768,32768,36864,34304,4096,3072,4096,512,4096,3072
02d9a0751c2695ce9962f9658409f59a8aab0657d1629c9f688c10dbe7dae485,GandCrab49.exe.malz,332,6,1517684317,0,224,258,267,12,0,32768,41472,0,19184,4096,4194304,5,1,0,0,5,1,90112,0,2,34112,1048576,1048576,0,67952,81920,0,0,86016,0,0,0,0,0,0,0,0,0,0,0,180,480,0,0,2736,0,0,0,0,0,0,0,0,0,0,32768,32768,36864,34304,4096,3072,4096,512,4096,3072
00628683736dddb353697f385c81925592391559dcc8996197627e666aec7efa,GandCrab5.exe.malz,332,6,1520187015,0,224,258,267,12,0,34304,36352,0,19232,4096,268435456,5,1,0,0,5,1,88820,73975,2,1344,1048576,1048576,66896,66984,81920,0,0,86016,0,0,0,0,0,0,40960,0,0,0,85,180,480,0,0,2804,0,0,0,0,0,0,512,0,0,0,33864,34304,28966,29184,2692,3072,480,512,2804,3072
02dbfe74e50c2afffe3e43f4bc0ef6dfab85a3582e9926ee93bc28754249de97,GandCrab50.exe.malz,332,5,1519147737,0,224,770,267,12,0,28672,4096,65536,19440,69632,268435456,5,1,0,0,5,1,110592,0,2,1344,1048576,1048576,66784,102400,98304,0,0,106496,0,0,0,0,0,0,0,0,0,0,85,180,476,0,0,2756,0,0,0,0,0,0,0,0,0,0,4096,1024,4096,3072,,,,,,
02e851462b6fd8165aeea69ae4c517cf459cd612a5e925349f40ace31c4576a2,GandCrab51.exe.malz,332,6,1519147737,0,224,258,267,12,0,33792,36352,0,19440,4096,268435456,5,1,0,0,5,1,90112,0,2,1344,1048576,1048576,66784,66872,81920,0,0,0,0,0,0,0,0,0,0,0,0,0,85,180,480,0,0,0,0,0,0,0,0,0,0,0,0,0,33512,33792,28838,29184,2688,3072,480,512,2756,3072
02f7146b0e0a211b16ec0f1c192956efe268f83a266f48f07f70927b6026f4e5,GandCrab52.exe.malz,332,6,1519147737,0,224,258,267,12,0,33792,36352,0,19440,4096,268435456,5,1,0,0,5,1,90112,0,2,1344,1048576,1048576,66784,66872,81920,0,0,86016,0,0,0,0,0,0,40960,0,0,0,85,180,480,0,0,2756,0,0,0,0,0,0,508,0,0,0,33512,33792,28838,29184,2688,3072,480,512,2756,3072
02f716fefe817e0adad0e637d0440695f09d95e7f72ee078c629ffa6e0752cf5,GandCrab53.exe.malz,332,6,1520187015,0,224,258,267,12,0,34304,36352,0,19232,4096,268435456,5,1,0,0,5,1,88820,73975,2,1344,1048576,1048576,66896,66984,81920,0,0,86016,0,0,0,0,0,0,40960,0,0,0,85,180,480,0,0,2804,0,0,0,0,0,0,512,0,0,0,33864,34304,28966,29184,2692,3072,480,512,2804,3072
03056593b8e3832349eb124a804bdc9ff8ab81e44fce658129a9111d46859364,GandCrab54.exe.malz,332,6,1517684317,0,224,258,267,12,0,32768,41472,0,19184,4096,4194304,5,1,0,0,5,1,90112,0,2,34112,1048576,1048576,0,67952,81920,0,0,86016,0,0,0,0,0,0,0,0,0,0,0,180,480,0,0,2736,0,0,0,0,0,0,0,0,0,0,32768,32768,36864,34304,4096,3072,4096,512,4096,3072
030a7a0ed1654d02e5196730b60a70e2476b18de57de340030354a8ad183ea4a,GandCrab55.exe.malz,332,3,1519147737,0,224,258,267,12,0,28672,4096,65536,97696,69632,268435456,5,1,0,0,5,1,102400,0,2,1344,1048576,1048576,66784,98780,98304,0,0,99296,0,0,0,0,0,0,0,0,0,0,85,516,476,0,0,12,0,0,0,0,0,0,0,0,0,0,4096,1024,,,,,,,,
030ae4cce2427a9883f1baf2e5f1678e0ac65b5376e747baf2d9ed888ee5cc8a,GandCrab56.exe.malz,332,6,1520187015,0,224,258,267,12,0,34304,36352,0,19232,4096,268435456,5,1,0,0,5,1,88820,73975,2,1344,1048576,1048576,66896,66984,81920,0,0,86016,0,0,0,0,0,0,40960,0,0,0,85,180,480,0,0,2804,0,0,0,0,0,0,512,0,0,0,33864,34304,28966,29184,2692,3072,480,512,2804,3072
0313e864b5c2c1ce55ee8b72d65f07c87afea093821e7080b45c6ec9a7242e24,GandCrab57.exe.malz,332,6,1519147737,0,224,258,267,12,0,33792,36352,0,19440,4096,268435456,5,1,0,0,5,1,90112,0,2,1344,1048576,1048576,66784,66872,81920,0,0,86016,0,0,0,0,0,0,40960,0,0,0,85,180,480,0,0,2756,0,0,0,0,0,0,508,0,0,0,33512,33792,28838,29184,2688,3072,480,512,2756,3072
032058355ae49a76584c70dce65ee128f5e3feb2e6917f58f1a0ea64a733b7d2,GandCrab58.exe.malz,332,6,1519147737,0,224,258,267,12,0,33792,36352,0,19440,4096,268435456,5,1,0,0,5,1,90112,0,2,1344,1048576,1048576,66784,66872,81920,0,0,0,0,0,0,0,0,0,0,0,0,0,85,180,480,0,0,0,0,0,0,0,0,0,0,0,0,0,33512,33792,28838,29184,2688,3072,480,512,2756,3072
0324a4d3c42478087d8b67c863d7629cf9580ce2dbe75b6c35156980dbc231fa,GandCrab59.exe.malz,332,6,1517684317,0,224,258,267,12,0,32768,41472,0,19184,4096,4194304,5,1,0,0,5,1,90112,0,2,34112,1048576,1048576,0,67952,81920,0,0,86016,0,0,0,0,0,0,0,0,0,0,0,180,480,0,0,2736,0,0,0,0,0,0,0,0,0,0,32768,32768,36864,34304,4096,3072,4096,512,4096,3072
007573b8e0a5dbb324f67c189fdac0b163381c5951a92f399c3b9b32d20fbf67,GandCrab6.exe.malz,332,6,1517684317,0,224,258,267,12,0,32768,41472,0,19184,4096,4194304,5,1,0,0,5,1,90112,0,2,34112,1048576,1048576,0,67952,81920,0,0,86016,0,0,0,0,0,0,0,0,0,0,0,180,480,0,0,2736,0,0,0,0,0,0,0,0,0,0,32768,32768,36864,34304,4096,3072,4096,512,4096,3072
0332145f1e9b49194133c8af88c1ac976b5b6f5d378d578060d3c6e845043916,GandCrab60.exe.malz,332,6,1519147737,0,224,258,267,12,0,33792,36352,0,19440,4096,268435456,5,1,0,0,5,1,90112,0,2,1344,1048576,1048576,66784,66872,81920,0,0,86016,0,0,0,0,0,0,40960,0,0,0,85,180,480,0,0,2756,0,0,0,0,0,0,508,0,0,0,33512,33792,28838,29184,2688,3072,480,512,2756,3072
0333c79b9abf029e241447492bdeafb5e6bbc9a4cdb8bd5f6e04ea6baac2c951,GandCrab61.exe.malz,332,6,1520187015,0,224,258,267,12,0,34304,36352,0,19232,4096,268435456,5,1,0,0,5,1,88820,73975,2,1344,1048576,1048576,66896,66984,81920,0,0,86016,0,0,0,0,0,0,40960,0,0,0,85,180,480,0,0,2804,0,0,0,0,0,0,512,0,0,0,33864,34304,28966,29184,2692,3072,480,512,2804,3072
033d90131257c7ac28beeda7c695db126a152418666d48af77f14bede65c933e,GandCrab62.exe.malz,332,6,1519147737,0,224,258,267,12,0,33792,36352,0,19440,4096,268435456,5,1,0,0,5,1,90112,0,2,1344,1048576,1048576,66784,66872,81920,0,0,86016,0,0,0,0,0,0,40960,0,0,0,85,180,480,0,0,2756,0,0,0,0,0,0,508,0,0,0,33512,33792,28838,29184,2688,3072,480,512,2756,3072
034983402a3bdf9fe9b88f1627bd0f3d1e4e0e2d6c1fb725d5c18dad2670467f,GandCrab64.exe.malz,332,6,1520187015,0,224,258,267,12,0,34304,36352,0,19232,4096,268435456,5,1,0,0,5,1,88820,73975,2,1344,1048576,1048576,66896,66984,81920,0,0,86016,0,0,0,0,0,0,40960,0,0,0,85,180,480,0,0,2804,0,0,0,0,0,0,512,0,0,0,33864,34304,28966,29184,2692,3072,480,512,2804,3072
034a76366f91413056ccc6ffa226e794dc36586711fcc4d97de16a53c0b77d48,GandCrab65.exe.malz,332,6,1520187015,0,224,258,267,12,0,34304,36352,0,19232,4096,268435456,5,1,0,0,5,1,88820,73975,2,1344,1048576,1048576,66896,66984,81920,0,0,86016,0,0,0,0,0,0,40960,0,0,0,85,180,480,0,0,2804,0,0,0,0,0,0,512,0,0,0,33864,34304,28966,29184,2692,3072,480,512,2804,3072
0355de40a459cd888a2711a459f7476dbd2f916e4d19f7b675c0e337bb42dff5,GandCrab66.exe.malz,332,6,1517684317,0,224,258,267,12,0,32768,41472,0,19184,4096,4194304,5,1,0,0,5,1,90112,0,2,34112,1048576,1048576,0,67952,81920,0,0,86016,0,0,0,0,0,0,0,0,0,0,0,180,480,0,0,2736,0,0,0,0,0,0,0,0,0,0,32768,32768,36864,34304,4096,3072,4096,512,4096,3072
03687940cab9dcfb8a67bb7fafb76ac52ff22c08a4a10545b4328cc7e43ec6e6,GandCrab67.exe.malz,332,6,1517684317,0,224,258,267,12,0,32768,41472,0,19184,4096,4194304,5,1,0,0,5,1,90112,0,2,34112,1048576,1048576,0,67952,81920,0,0,86016,0,0,0,0,0,0,0,0,0,0,0,180,480,0,0,2736,0,0,0,0,0,0,0,0,0,0,32768,32768,36864,34304,4096,3072,4096,512,4096,3072
0393900c02bd55e5f74469da7ca7792cac85286852b6ee2d00b51860b0e6c0dc,GandCrab68.exe.malz,332,5,1519147737,0,224,770,267,12,0,28672,4096,65536,19440,69632,268435456,5,1,0,0,5,1,110592,0,2,1344,1048576,1048576,66784,102400,98304,0,0,106496,0,0,0,0,0,0,0,0,0,0,85,180,476,0,0,2756,0,0,0,0,0,0,0,0,0,0,4096,1024,4096,3072,,,,,,
03961c68640a24794cdef2ed86451ca41fa78a551e15d0f8057dddadc174bbc9,GandCrab69.exe.malz,332,6,1519147737,0,224,258,267,12,0,33792,36352,0,19440,4096,257556480,5,1,0,0,5,1,90112,0,2,1344,1048576,1048576,66784,66872,81920,0,0,86016,0,0,0,0,0,0,40960,0,0,0,85,180,480,0,0,2756,0,0,0,0,0,0,508,0,0,0,33512,33792,28838,29184,2688,3072,480,512,2756,3072
0082508e75c453d1584c0e90ab1a9ace0fc9b3e3a42a4cf7913f15ea64c36244,GandCrab7.exe.malz,332,6,1520187015,0,224,258,267,12,0,34304,36352,0,19232,4096,268435456,5,1,0,0,5,1,88820,73975,2,1344,1048576,1048576,66896,66984,81920,0,0,86016,0,0,0,0,0,0,40960,0,0,0,85,180,480,0,0,2804,0,0,0,0,0,0,512,0,0,0,33864,34304,28966,29184,2692,3072,480,512,2804,3072
03a178251c26c86b518a785027f99295fb4f8c797a5aee9f1b2e6f75433890db,GandCrab70.exe.malz,332,6,1519147737,0,224,258,267,12,0,33792,36352,0,19440,4096,257556480,5,1,0,0,5,1,90112,0,2,1344,1048576,1048576,66784,66872,81920,0,0,86016,0,0,0,0,0,0,40960,0,0,0,85,180,480,0,0,2756,0,0,0,0,0,0,508,0,0,0,33512,33792,28838,29184,2688,3072,480,512,2756,3072
03a8146b8876415edc56bfb14747322487bc275d232d0ea09d92262630250b09,GandCrab71.exe.malz,332,6,1520187015,0,224,258,267,12,0,34304,36352,0,19232,4096,268435456,5,1,0,0,5,1,88820,73975,2,1344,1048576,1048576,66896,66984,81920,0,0,86016,0,0,0,0,0,0,40960,0,0,0,85,180,480,0,0,2804,0,0,0,0,0,0,512,0,0,0,33864,34304,28966,29184,2692,3072,480,512,2804,3072
03ac426f5db3db7b14ab7adafe760d5ef9c8f63924691075422062bd4fef1a87,GandCrab72.exe.malz,332,6,1520187015,0,224,258,267,12,0,34304,36352,0,19232,4096,268435456,5,1,0,0,5,1,88820,73975,2,1344,1048576,1048576,66896,66984,81920,0,0,86016,0,0,0,0,0,0,40960,0,0,0,85,180,480,0,0,2804,0,0,0,0,0,0,512,0,0,0,33864,34304,28966,29184,2692,3072,480,512,2804,3072
03e751fe375664c42c6a59935983c15fa181b47ef68a9a349697d80482c8c42b,GandCrab73.exe.malz,332,6,1520187015,0,224,258,267,12,0,34304,36352,0,19232,4096,268435456,5,1,0,0,5,1,88820,73975,2,1344,1048576,1048576,66896,66984,81920,0,0,86016,0,0,0,0,0,0,40960,0,0,0,85,180,480,0,0,2804,0,0,0,0,0,0,512,0,0,0,33864,34304,28966,29184,2692,3072,480,512,2804,3072
03f32e3459abeaef9eca5bb64779c4be8a3e20f3e2870528e595549075a1918e,GandCrab74.exe.malz,332,6,1517684317,0,224,258,267,12,0,32768,41472,0,19184,4096,4194304,5,1,0,0,5,1,90112,0,2,34112,1048576,1048576,0,67952,81920,0,0,86016,0,0,0,0,0,0,0,0,0,0,0,180,480,0,0,2736,0,0,0,0,0,0,0,0,0,0,32768,32768,36864,34304,4096,3072,4096,512,4096,3072
0417e1ad65be687ac9e727c54e8db132dcf8280b389fb363998f9edd994cefbb,GandCrab75.exe.malz,332,6,1520187015,0,224,258,267,12,0,34304,36352,0,19232,4096,268435456,5,1,0,0,5,1,88820,73975,2,1344,1048576,1048576,66896,66984,81920,0,0,86016,0,0,0,0,0,0,40960,0,0,0,85,180,480,0,0,2804,0,0,0,0,0,0,512,0,0,0,33864,34304,28966,29184,2692,3072,480,512,2804,3072
041f0b5c6547317483d70cad02cabe03c0d73d68c32ec664db64793fd73f21e1,GandCrab76.exe.malz,332,6,1517684317,0,224,258,267,12,0,32768,41472,0,19184,4096,4194304,5,1,0,0,5,1,90112,0,2,34112,1048576,1048576,0,67952,81920,0,0,86016,0,0,0,0,0,0,0,0,0,0,0,180,480,0,0,2736,0,0,0,0,0,0,0,0,0,0,32768,32768,36864,34304,4096,3072,4096,512,4096,3072
042bbd331c886ec1991e10a5d750c1ec81f917a8be857cccca475011995ebef0,GandCrab78.exe.malz,332,6,1520187015,0,224,258,267,12,0,34304,36352,0,19232,4096,268435456,5,1,0,0,5,1,88820,73975,2,1344,1048576,1048576,66896,66984,81920,0,0,86016,0,0,0,0,0,0,40960,0,0,0,85,180,480,0,0,2804,0,0,0,0,0,0,512,0,0,0,33864,34304,28966,29184,2692,3072,480,512,2804,3072
042da9935ba20d55fd4a50b1cc6d4d4a78dc49f6be78a1839cedd996b359783c,GandCrab79.exe.malz,332,5,1519403751,0,224,258,267,12,0,43520,105984,0,5948,4096,4194304,5,1,0,0,5,1,163840,0,2,33088,1048576,1048576,0,65892,155648,0,0,159744,0,0,0,0,65024,0,49152,0,0,0,0,60,480,0,0,3304,0,0,0,0,64,0,292,0,0,0,43127,43520,18416,18432,83236,75776,480,512,3304,3584
00a826dfa31b7e7b58327fefc512ba81953938f5f148d4b1dc8a8020803e279b,GandCrab8.exe.malz,332,6,1517684317,0,224,258,267,12,0,32768,41472,0,19184,4096,4194304,5,1,0,0,5,1,90112,0,2,34112,1048576,1048576,0,67952,81920,0,0,86016,0,0,0,0,0,0,0,0,0,0,0,180,480,0,0,2736,0,0,0,0,0,0,0,0,0,0,32768,32768,36864,34304,4096,3072,4096,512,4096,3072
04357a3720b6ae8e5b95bdbc46d492eff280eec3d94a1ec363b5b25fbbcd8c78,GandCrab80.exe.malz,332,6,1517684317,0,224,258,267,12,0,32768,41472,0,19184,4096,4194304,5,1,0,0,5,1,90112,0,2,34112,1048576,1048576,0,67952,81920,0,0,86016,0,0,0,0,0,0,0,0,0,0,0,180,480,0,0,2736,0,0,0,0,0,0,0,0,0,0,32768,32768,36864,34304,4096,3072,4096,512,4096,3072
00b23e88ec94b1759bee9221b4d6706cb82ef42ea6ceb4e2e6a2d2155edac289,GandCrab9.exe.malz,332,6,1519147737,0,224,258,267,12,0,33792,36352,0,19440,4096,268435456,5,1,0,0,5,1,90112,0,2,1344,1048576,1048576,66784,66872,81920,0,0,86016,0,0,0,0,0,0,40960,0,0,0,85,180,480,0,0,2756,0,0,0,0,0,0,508,0,0,0,33512,33792,28838,29184,2688,3072,480,512,2756,3072
8cfbd38855d2d6033847142fdfa74710b796daf465ab94216fbbbe85971aee29,LockerGoga.exe.malz,332,5,1547666846,0,224,258,267,14,16,942592,345600,0,631780,4096,4194304,5,1,0,0,5,1,1302528,1299960,2,33088,1048576,1048576,0,1174548,1232896,0,1278976,1236992,1053312,0,0,1053504,1053344,0,950272,0,0,0,0,120,1280,0,3600,62064,28,0,0,24,64,0,716,0,0,0,942092,942592,228544,228864,52600,42496,1280,1536,62064,62464
eda26a1cd80aac1c42cdbba9af813d9c4bc81f6052080bc33435d1e076e75aa0,LockerGoga1.exe.malz,332,5,1551555672,0,224,3330,267,14,16,935936,322560,0,631852,4096,4194304,5,1,0,0,5,1,1273856,1303993,2,33088,1048576,1048576,0,1152468,1208320,0,1249280,1212416,1044976,0,0,0,1045008,0,942080,0,0,0,0,140,1288,0,4984,58040,28,0,0,0,64,0,728,0,0,0,935842,935936,214776,215040,47576,37376,1288,1536,58040,58368
5b0b972713cd8611b04e4673676cdff70345ac7301b2c23173cdfeaff564225c,LockerGoga10.exe.malz,332,5,1547601816,0,224,258,267,14,16,944128,345600,0,633252,4096,4194304,5,1,0,0,5,1,1302528,1347232,2,33088,1048576,1048576,0,1174524,1232896,0,1280512,1236992,1053216,0,0,1053408,1053248,0,950272,0,0,0,0,120,1280,0,3600,62008,28,0,0,24,64,0,708,0,0,0,943628,944128,228478,228864,52488,42496,1280,1536,62008,62464
c3d334cb7f6007c9ebee1a68c4f3f72eac9b3c102461d39f2a0a4b32a053843a,LockerGoga11.exe.malz,332,5,1548433841,0,224,258,267,14,16,930304,343040,0,621060,4096,4194304,5,1,0,0,5,1,1286144,1294221,2,33088,1048576,1048576,0,1161548,1220608,0,1264128,1224704,1042112,0,0,1042304,1042144,0,937984,0,0,0,0,120,1520,0,3600,61288,28,0,0,24,64,0,684,0,0,0,930242,930304,227690,227840,52096,41984,1520,1536,61288,61440
97a2ab7a94148d605f3c0a1146a70ba5c436a438b23298a1f02f71866f420c43,LockerGoga12.exe.malz,332,5,1546687986,0,224,258,267,14,16,580608,260608,0,407634,4096,4194304,5,1,0,0,5,1,851968,0,2,33088,1048576,1048576,0,754708,802816,0,0,806912,671856,0,0,672048,671888,0,585728,0,0,0,0,60,1232,0,0,44700,28,0,0,24,64,0,460,0,0,0,580136,580608,171656,172032,41688,32768,1232,1536,44700,45056
14e8a8095426245633cd6c3440afc5b29d0c8cd4acefd10e16f82eb3295077ca,LockerGoga13.exe.malz,332,5,1548699186,0,224,258,267,14,16,930816,343040,0,621460,4096,4194304,5,1,0,0,5,1,1286144,1304389,2,33088,1048576,1048576,0,1161532,1220608,0,1264640,1224704,1042080,0,0,1042272,1042112,0,937984,0,0,0,0,120,1520,0,3600,61308,28,0,0,24,64,0,684,0,0,0,930722,930816,227674,227840,52096,41984,1520,1536,61308,61440
7852b47e7a9e3f792755395584c64dd81b68ab3cbcdf82f60e50dc5fa7385125,LockerGoga14.exe.malz,332,5,1549207967,0,224,258,267,14,16,933376,345600,0,624340,4096,4194304,5,1,0,0,5,1,1294336,1313544,2,33088,1048576,1048576,0,1161916,1224704,0,1269760,1228800,1041328,0,0,1041520,1041360,0,937984,0,0,0,0,120,1504,0,4976,61844,28,0,0,24,64,0,684,0,0,0,933362,933376,228058,228352,53280,43520,1504,1536,61844,61952
a84171501074bac584348f2942964c8550374c39247ec6af0f4a69756ea9fc7a,LockerGoga15.exe.malz,332,5,1526044501,0,224,290,267,10,0,8077312,157184,0,7973198,4096,4194304,5,1,0,0,5,1,8253440,8171895,3,33024,1048576,1048576,8080944,8078516,8216576,0,0,8224768,0,0,0,0,17352,0,4096,0,0,0,92,120,6696,0,0,5120,0,0,0,0,64,0,408,0,0,0,8076940,8077312,127944,18432,6696,7168,24886,25088,,
88d149f3e47dc337695d76da52b25660e3a454768af0d7e59c913995af496a0f,LockerGoga16.exe.malz,332,5,1552900074,0,224,3330,267,14,16,950784,322048,0,644427,4096,4194304,5,1,0,0,5,1,1290240,1282169,2,33088,1048576,1048576,0,1168356,1224704,0,1263616,1228800,1061264,0,0,0,1061296,0,958464,0,0,0,0,200,1288,0,4984,57896,28,0,0,0,64,0,796,0,0,0,950322,950784,214734,215040,46844,36864,1288,1536,57896,58368
fda487091f8a14b19e9eaeaef85215d7f03e54c2588754996c0cd9906d433b08,LockerGoga17.exe.malz,332,3,1529111327,0,224,258,267,8,0,208896,573440,0,213024,8192,4194304,4,0,0,0,4,0,802816,0,2,34112,1048576,1048576,0,212950,221184,0,0,794624,0,0,0,0,0,0,8192,0,8200,0,0,74,568609,0,0,12,0,0,0,0,0,0,8,0,72,0,204838,208896,568609,569344,12,4096,,,,
c97d9bbc80b573bdeeda3812f4d00e5183493dd0d5805e2508728f65977dda15,LockerGoga18.exe.malz,332,5,1552900074,0,224,3330,267,14,16,950784,322048,0,644427,4096,4194304,5,1,0,0,5,1,1290240,1282169,2,33088,1048576,1048576,0,1168356,1224704,0,1263616,1228800,1061264,0,0,0,1061296,0,958464,0,0,0,0,200,1288,0,4984,57896,28,0,0,0,64,0,796,0,0,0,950322,950784,214734,215040,46844,36864,1288,1536,57896,58368
f3c58f6de17d2ef3e894c09bc68c0afcce23254916c182e44056db3cad710192,LockerGoga19.exe.malz,332,5,1548283370,0,224,258,267,14,16,930304,343040,0,620948,4096,8388608,5,1,0,0,5,1,1290240,1285645,2,33088,1048576,1048576,0,1286144,1220608,0,1264128,1224704,1042144,0,0,1042336,1042176,0,937984,0,0,0,0,120,1288,0,3600,61312,28,0,0,24,64,0,684,0,0,0,930194,930304,227722,227840,52112,52112,1288,1536,65536,65536
47f5a231f7cd0e36508ca6ff8c21c08a7248f0f2bd79c1e772b73443597b09b4,LockerGoga20.exe.malz,332,5,1549216117,0,224,258,267,14,16,933376,345600,0,624340,4096,4194304,5,1,0,0,5,1,1294336,1309734,2,33088,1048576,1048576,0,1161916,1224704,0,1269760,1228800,1041328,0,0,1041520,1041360,0,937984,0,0,0,0,120,1304,0,4976,61844,28,0,0,24,64,0,684,0,0,0,933362,933376,228058,228352,53280,43520,1304,1536,61844,61952
ba15c27f26265f4b063b65654e9d7c248d0d651919fafb68cb4765d1e057f93f,LockerGoga3.exe.malz,332,5,1552153710,0,224,3330,267,14,16,934400,318976,0,629707,4096,4194304,5,1,0,0,5,1,1265664,1305650,2,33088,1048576,1048576,0,1150524,1204224,0,1244160,1208320,1044688,0,0,0,1044720,0,942080,0,0,0,0,140,1288,0,4984,57296,28,0,0,0,64,0,740,0,0,0,934178,934400,212890,212992,46812,36864,1288,1536,57296,57344
6e69548b1ae61d951452b65db15716a5ee2f9373be05011e897c61118c239a77,LockerGoga4.exe.malz,332,5,1548433841,0,224,258,267,14,16,930304,343040,0,621060,4096,4194304,5,1,0,0,5,1,1286144,1294221,2,33088,1048576,1048576,0,1161548,1220608,0,1264128,1224704,1042112,0,0,1042304,1042144,0,937984,0,0,0,0,120,1520,0,3600,61288,28,0,0,24,64,0,684,0,0,0,930242,930304,227690,227840,52096,41984,1520,1536,61288,61440
65d5dd067e5550867b532f4e52af47b320bd31bc906d7bf5db889d0ff3f73041,LockerGoga5.exe.malz,332,5,1552900074,0,224,3330,267,14,16,950784,322048,0,644427,4096,4194304,5,1,0,0,5,1,1290240,1282169,2,33088,1048576,1048576,0,1168356,1224704,0,1263616,1228800,1061264,0,0,0,1061296,0,958464,0,0,0,0,200,1288,0,4984,57896,28,0,0,0,64,0,796,0,0,0,950322,950784,214734,215040,46844,36864,1288,1536,57896,58368
bdf36127817413f625d2625d3133760af724d6ad2410bea7297ddc116abc268f,LockerGoga6.exe.malz,332,5,1548283370,0,224,258,267,14,16,930304,343040,0,620948,4096,4194304,5,1,0,0,5,1,1286144,1285645,2,33088,1048576,1048576,0,1161580,1220608,0,1264128,1224704,1042144,0,0,1042336,1042176,0,937984,0,0,0,0,120,1288,0,3600,61312,28,0,0,24,64,0,684,0,0,0,930194,930304,227722,227840,52112,41984,1288,1536,61312,61440
bdf36127817413f625d2625d3133760af724d6ad2410bea7297ddc116abc268f,LockerGoga7.exe.malz,332,5,1548283370,0,224,258,267,14,16,930304,343040,0,620948,4096,4194304,5,1,0,0,5,1,1286144,1285645,2,33088,1048576,1048576,0,1161580,1220608,0,1264128,1224704,1042144,0,0,1042336,1042176,0,937984,0,0,0,0,120,1288,0,3600,61312,28,0,0,24,64,0,684,0,0,0,930194,930304,227722,227840,52112,41984,1288,1536,61312,61440
7bcd69b3085126f7e97406889f78ab74e87230c11812b79406d723a80c08dd26,LockerGoga9.exe.malz,332,5,1552153830,0,224,3330,267,14,16,934400,318976,0,629707,4096,4194304,5,1,0,0,5,1,1265664,1254817,2,33088,1048576,1048576,0,1150524,1204224,0,1244160,1208320,1044688,0,0,0,1044720,0,942080,0,0,0,0,140,1288,0,4984,57296,28,0,0,0,64,0,740,0,0,0,934178,934400,212890,212992,46812,36864,1288,1536,57296,57344
a5012e20342f4751360fd0d15ab013385cecd2a5f3e7a3e8503b1852d8499819,MortisLocker.exe.malz,332,5,1695249346,0,224,258,267,14,34,192512,87040,0,66283,4096,4194304,6,0,0,0,6,0,290816,0,3,33088,1048576,1048576,0,259352,274432,0,0,278528,246752,0,0,0,246560,0,196608,0,0,0,0,100,480,0,0,10084,112,0,0,0,64,0,440,0,0,0,192064,192512,65434,65536,10428,5120,480,512,10084,10240
b6a4331334a16af65c5e4193f45b17c874e3eff8dd8667fd7cb8c7a570e2a8b9,MortisLocker1.exe.malz,332,5,1695043770,0,224,258,267,14,34,147456,73216,0,33108,4096,4194304,6,0,0,0,6,0,229376,0,3,33088,1048576,1048576,0,206728,217088,0,0,221184,198192,0,0,0,198000,0,151552,0,0,0,0,60,480,0,0,7412,112,0,0,0,64,0,332,0,0,0,147308,147456,57132,57344,7592,4096,480,512,7412,7680
c6df9cb7c26e0199106bdcd765d5b93436f373900b26f23dfc03b8b645c6913f,MortisLocker2.exe.malz,332,5,1695082904,0,224,258,267,14,34,168960,81920,0,50700,4096,4194304,6,0,0,0,6,0,270336,0,3,33088,1048576,1048576,0,235876,253952,0,0,258048,225440,0,0,0,225248,0,176128,0,0,0,0,100,480,0,0,9056,112,0,0,0,64,0,352,0,0,0,168608,168960,61838,61952,9852,4608,480,512,9056,9216
dac667cfc7824fd45f511bba83ffbdb28fa69cdeff0909979de84064ca2e0283,MortisLocker3.exe.malz,332,5,1695998927,0,224,258,267,14,34,166400,80896,0,48219,4096,4194304,6,0,0,0,6,0,262144,0,3,33088,1048576,1048576,0,230880,245760,0,0,249856,220640,0,0,0,220448,0,172032,0,0,0,0,60,480,0,0,8932,112,0,0,0,64,0,316,0,0,0,165968,166400,60682,60928,9852,4608,480,512,8932,9216
